address.label,address.city
"قسم مدينة نصر ثان, شارع محمود طه, القاهرة, القاهرة, مصر",القاهرة
"مدينة نصر 2, القاهرة, مصر",القاهرة
"قسم الشرطة ثانى مدينة نصر, شارع علي امين, القاهرة, القاهرة, مصر",القاهرة
"مدينة نصر, طريق النصر, القاهرة, القاهرة, مصر",القاهرة
"مدينة نصر 1, القاهرة, مصر",القاهرة
"مدينة نصر, شارع عبد المنعم سند, القاهرة, القاهرة, مصر",القاهرة
"قسم مدينة نصر ثان, شارع محمود طه, القاهرة, القاهرة, مصر",القاهرة
"مدينة نصر 2, القاهرة, مصر",القاهرة
"قسم الشرطة ثانى مدينة نصر, شارع علي امين, القاهرة, القاهرة, مصر",القاهرة
"مدينة نصر, طريق النصر, القاهرة, القاهرة, مصر",القاهرة
"مدينة نصر 1, القاهرة, مصر",القاهرة
"مدينة نصر, شارع عبد المنعم سند, القاهرة, القاهرة, مصر",القاهرة
"قسم مدينة نصر ثان, شارع محمود طه, القاهرة, القاهرة, مصر",القاهرة
"مدينة نصر 2, القاهرة, مصر",القاهرة
"قسم الشرطة ثانى مدينة نصر, شارع علي امين, القاهرة, القاهرة, مصر",القاهرة
"مدينة نصر, طريق النصر, القاهرة, القاهرة, مصر",القاهرة
"مدينة نصر 1, القاهرة, مصر",القاهرة
"مدينة نصر, شارع عبد المنعم سند, القاهرة, القاهرة, مصر",القاهرة
"قسم مدينة نصر ثان, شارع محمود طه, القاهرة, القاهرة, مصر",القاهرة
"مدينة نصر 2, القاهرة, مصر",القاهرة
"قسم الشرطة ثانى مدينة نصر, شارع علي امين, القاهرة, القاهرة, مصر",القاهرة
"مدينة نصر, طريق النصر, القاهرة, القاهرة, مصر",القاهرة
"مدينة نصر 1, القاهرة, مصر",القاهرة
"مدينة نصر, شارع عبد المنعم سند, القاهرة, القاهرة, مصر",القاهرة
"قسم مدينة نصر ثان, شارع محمود طه, القاهرة, القاهرة, مصر",القاهرة
"مدينة نصر 2, القاهرة, مصر",القاهرة
"قسم الشرطة ثانى مدينة نصر, شارع علي امين, القاهرة, القاهرة, مصر",القاهرة
"مدينة نصر, طريق النصر, القاهرة, القاهرة, مصر",القاهرة
"مدينة نصر 1, القاهرة, مصر",القاهرة
"مدينة نصر, شارع عبد المنعم سند, القاهرة, القاهرة, مصر",القاهرة
"قسم مدينة نصر ثان, شارع محمود طه, القاهرة, القاهرة, مصر",القاهرة
"مدينة نصر 2, القاهرة, مصر",القاهرة
"قسم الشرطة ثانى مدينة نصر, شارع علي امين, القاهرة, القاهرة, مصر",القاهرة
"مدينة نصر, طريق النصر, القاهرة, القاهرة, مصر",القاهرة
"مدينة نصر 1, القاهرة, مصر",القاهرة
"مدينة نصر, شارع عبد المنعم سند, القاهرة, القاهرة, مصر",القاهرة
"قسم مدينة نصر ثان, شارع محمود طه, القاهرة, القاهرة, مصر",القاهرة
"مدينة نصر 2, القاهرة, مصر",القاهرة
"قسم الشرطة ثانى مدينة نصر, شارع علي امين, القاهرة, القاهرة, مصر",القاهرة
"مدينة نصر, طريق النصر, القاهرة, القاهرة, مصر",القاهرة
"مدينة نصر 1, القاهرة, مصر",القاهرة
"مدينة نصر, شارع عبد المنعم سند, القاهرة, القاهرة, مصر",القاهرة
"قسم مدينة نصر ثان, شارع محمود طه, القاهرة, القاهرة, مصر",القاهرة
"مدينة نصر 2, القاهرة, مصر",القاهرة
"قسم الشرطة ثانى مدينة نصر, شارع علي امين, القاهرة, القاهرة, مصر",القاهرة
"مدينة نصر, طريق النصر, القاهرة, القاهرة, مصر",القاهرة
"مدينة نصر 1, القاهرة, مصر",القاهرة
"مدينة نصر, شارع عبد المنعم سند, القاهرة, القاهرة, مصر",القاهرة
"قسم مدينة نصر ثان, شارع محمود طه, القاهرة, القاهرة, مصر",القاهرة
"مدينة نصر 2, القاهرة, مصر",القاهرة
"قسم الشرطة ثانى مدينة نصر, شارع علي امين, القاهرة, القاهرة, مصر",القاهرة
"مدينة نصر, طريق النصر, القاهرة, القاهرة, مصر",القاهرة
"مدينة نصر 1, القاهرة, مصر",القاهرة
"مدينة نصر, شارع عبد المنعم سند, القاهرة, القاهرة, مصر",القاهرة
"قسم مدينة نصر ثان, شارع محمود طه, القاهرة, القاهرة, مصر",القاهرة
"مدينة نصر 2, القاهرة, مصر",القاهرة
"قسم الشرطة ثانى مدينة نصر, شارع علي امين, القاهرة, القاهرة, مصر",القاهرة
"مدينة نصر, طريق النصر, القاهرة, القاهرة, مصر",القاهرة
"مدينة نصر 1, القاهرة, مصر",القاهرة
"مدينة نصر, شارع عبد المنعم سند, القاهرة, القاهرة, مصر",القاهرة
"قسم مدينة نصر ثان, شارع محمود طه, القاهرة, القاهرة, مصر",القاهرة
"مدينة نصر 2, القاهرة, مصر",القاهرة
"قسم الشرطة ثانى مدينة نصر, شارع علي امين, القاهرة, القاهرة, مصر",القاهرة
"مدينة نصر, طريق النصر, القاهرة, القاهرة, مصر",القاهرة
"مدينة نصر 1, القاهرة, مصر",القاهرة
"مدينة نصر, شارع عبد المنعم سند, القاهرة, القاهرة, مصر",القاهرة
"قسم مدينة نصر ثان, شارع محمود طه, القاهرة, القاهرة, مصر",القاهرة
"مدينة نصر 2, القاهرة, مصر",القاهرة
"قسم الشرطة ثانى مدينة نصر, شارع علي امين, القاهرة, القاهرة, مصر",القاهرة
"مدينة نصر, طريق النصر, القاهرة, القاهرة, مصر",القاهرة
"مدينة نصر 1, القاهرة, مصر",القاهرة
"مدينة نصر, شارع عبد المنعم سند, القاهرة, القاهرة, مصر",القاهرة
"قسم مدينة نصر ثان, شارع محمود طه, القاهرة, القاهرة, مصر",القاهرة
"مدينة نصر 2, القاهرة, مصر",القاهرة
"قسم الشرطة ثانى مدينة نصر, شارع علي امين, القاهرة, القاهرة, مصر",القاهرة
"مدينة نصر, طريق النصر, القاهرة, القاهرة, مصر",القاهرة
"مدينة نصر 1, القاهرة, مصر",القاهرة
"مدينة نصر, شارع عبد المنعم سند, القاهرة, القاهرة, مصر",القاهرة
"قسم مدينة نصر ثان, شارع محمود طه, القاهرة, القاهرة, مصر",القاهرة
"مدينة نصر 2, القاهرة, مصر",القاهرة
"قسم الشرطة ثانى مدينة نصر, شارع علي امين, القاهرة, القاهرة, مصر",القاهرة
"مدينة نصر, طريق النصر, القاهرة, القاهرة, مصر",القاهرة
"مدينة نصر 1, القاهرة, مصر",القاهرة
"مدينة نصر, شارع عبد المنعم سند, القاهرة, القاهرة, مصر",القاهرة
"قسم مدينة نصر ثان, شارع محمود طه, القاهرة, القاهرة, مصر",القاهرة
"مدينة نصر 2, القاهرة, مصر",القاهرة
"قسم الشرطة ثانى مدينة نصر, شارع علي امين, القاهرة, القاهرة, مصر",القاهرة
"مدينة نصر, طريق النصر, القاهرة, القاهرة, مصر",القاهرة
"مدينة نصر 1, القاهرة, مصر",القاهرة
"مدينة نصر, شارع عبد المنعم سند, القاهرة, القاهرة, مصر",القاهرة
"قسم مدينة نصر ثان, شارع محمود طه, القاهرة, القاهرة, مصر",القاهرة
"مدينة نصر 2, القاهرة, مصر",القاهرة
"قسم الشرطة ثانى مدينة نصر, شارع علي امين, القاهرة, القاهرة, مصر",القاهرة
"مدينة نصر, طريق النصر, القاهرة, القاهرة, مصر",القاهرة
"مدينة نصر 1, القاهرة, مصر",القاهرة
"مدينة نصر, شارع عبد المنعم سند, القاهرة, القاهرة, مصر",القاهرة
"قسم مدينة نصر ثان, شارع محمود طه, القاهرة, القاهرة, مصر",القاهرة
"مدينة نصر 2, القاهرة, مصر",القاهرة
"قسم الشرطة ثانى مدينة نصر, شارع علي امين, القاهرة, القاهرة, مصر",القاهرة
"مدينة نصر, طريق النصر, القاهرة, القاهرة, مصر",القاهرة
"مدينة نصر 1, القاهرة, مصر",القاهرة
"مدينة نصر, شارع عبد المنعم سند, القاهرة, القاهرة, مصر",القاهرة
"قسم مدينة نصر ثان, شارع محمود طه, القاهرة, القاهرة, مصر",القاهرة
"مدينة نصر 2, القاهرة, مصر",القاهرة
"قسم الشرطة ثانى مدينة نصر, شارع علي امين, القاهرة, القاهرة, مصر",القاهرة
"مدينة نصر, طريق النصر, القاهرة, القاهرة, مصر",القاهرة
"مدينة نصر 1, القاهرة, مصر",القاهرة
"مدينة نصر, شارع عبد المنعم سند, القاهرة, القاهرة, مصر",القاهرة
"قسم مدينة نصر ثان, شارع محمود طه, القاهرة, القاهرة, مصر",القاهرة
"مدينة نصر 2, القاهرة, مصر",القاهرة
"قسم الشرطة ثانى مدينة نصر, شارع علي امين, القاهرة, القاهرة, مصر",القاهرة
"مدينة نصر, طريق النصر, القاهرة, القاهرة, مصر",القاهرة
"مدينة نصر 1, القاهرة, مصر",القاهرة
"مدينة نصر, شارع عبد المنعم سند, القاهرة, القاهرة, مصر",القاهرة
"قسم مدينة نصر ثان, شارع محمود طه, القاهرة, القاهرة, مصر",القاهرة
"مدينة نصر 2, القاهرة, مصر",القاهرة
"قسم الشرطة ثانى مدينة نصر, شارع علي امين, القاهرة, القاهرة, مصر",القاهرة
"مدينة نصر, طريق النصر, القاهرة, القاهرة, مصر",القاهرة
"مدينة نصر 1, القاهرة, مصر",القاهرة
"مدينة نصر, شارع عبد المنعم سند, القاهرة, القاهرة, مصر",القاهرة
"قسم مدينة نصر ثان, شارع محمود طه, القاهرة, القاهرة, مصر",القاهرة
"مدينة نصر 2, القاهرة, مصر",القاهرة
"قسم الشرطة ثانى مدينة نصر, شارع علي امين, القاهرة, القاهرة, مصر",القاهرة
"مدينة نصر, طريق النصر, القاهرة, القاهرة, مصر",القاهرة
"مدينة نصر 1, القاهرة, مصر",القاهرة
"مدينة نصر, شارع عبد المنعم سند, القاهرة, القاهرة, مصر",القاهرة
"قسم مدينة نصر ثان, شارع محمود طه, القاهرة, القاهرة, مصر",القاهرة
"مدينة نصر 2, القاهرة, مصر",القاهرة
"قسم الشرطة ثانى مدينة نصر, شارع علي امين, القاهرة, القاهرة, مصر",القاهرة
"مدينة نصر, طريق النصر, القاهرة, القاهرة, مصر",القاهرة
"مدينة نصر 1, القاهرة, مصر",القاهرة
"مدينة نصر, شارع عبد المنعم سند, القاهرة, القاهرة, مصر",القاهرة
"قسم مدينة نصر ثان, شارع محمود طه, القاهرة, القاهرة, مصر",القاهرة
"مدينة نصر 2, القاهرة, مصر",القاهرة
"قسم الشرطة ثانى مدينة نصر, شارع علي امين, القاهرة, القاهرة, مصر",القاهرة
"مدينة نصر, طريق النصر, القاهرة, القاهرة, مصر",القاهرة
"مدينة نصر 1, القاهرة, مصر",القاهرة
"مدينة نصر, شارع عبد المنعم سند, القاهرة, القاهرة, مصر",القاهرة
"قسم مدينة نصر ثان, شارع محمود طه, القاهرة, القاهرة, مصر",القاهرة
"مدينة نصر 2, القاهرة, مصر",القاهرة
"قسم الشرطة ثانى مدينة نصر, شارع علي امين, القاهرة, القاهرة, مصر",القاهرة
"مدينة نصر, طريق النصر, القاهرة, القاهرة, مصر",القاهرة
"مدينة نصر 1, القاهرة, مصر",القاهرة
"مدينة نصر, شارع عبد المنعم سند, القاهرة, القاهرة, مصر",القاهرة
"قسم مدينة نصر ثان, شارع محمود طه, القاهرة, القاهرة, مصر",القاهرة
"مدينة نصر 2, القاهرة, مصر",القاهرة
"قسم الشرطة ثانى مدينة نصر, شارع علي امين, القاهرة, القاهرة, مصر",القاهرة
"مدينة نصر, طريق النصر, القاهرة, القاهرة, مصر",القاهرة
"مدينة نصر 1, القاهرة, مصر",القاهرة
"مدينة نصر, شارع عبد المنعم سند, القاهرة, القاهرة, مصر",القاهرة
"قسم مدينة نصر ثان, شارع محمود طه, القاهرة, القاهرة, مصر",القاهرة
"مدينة نصر 2, القاهرة, مصر",القاهرة
"قسم الشرطة ثانى مدينة نصر, شارع علي امين, القاهرة, القاهرة, مصر",القاهرة
"مدينة نصر, طريق النصر, القاهرة, القاهرة, مصر",القاهرة
"مدينة نصر 1, القاهرة, مصر",القاهرة
"مدينة نصر, شارع عبد المنعم سند, القاهرة, القاهرة, مصر",القاهرة
"قسم مدينة نصر ثان, شارع محمود طه, القاهرة, القاهرة, مصر",القاهرة
"مدينة نصر 2, القاهرة, مصر",القاهرة
"قسم الشرطة ثانى مدينة نصر, شارع علي امين, القاهرة, القاهرة, مصر",القاهرة
"مدينة نصر, طريق النصر, القاهرة, القاهرة, مصر",القاهرة
"مدينة نصر 1, القاهرة, مصر",القاهرة
"مدينة نصر, شارع عبد المنعم سند, القاهرة, القاهرة, مصر",القاهرة
"قسم مدينة نصر ثان, شارع محمود طه, القاهرة, القاهرة, مصر",القاهرة
"مدينة نصر 2, القاهرة, مصر",القاهرة
"قسم الشرطة ثانى مدينة نصر, شارع علي امين, القاهرة, القاهرة, مصر",القاهرة
"مدينة نصر, طريق النصر, القاهرة, القاهرة, مصر",القاهرة
"مدينة نصر 1, القاهرة, مصر",القاهرة
"مدينة نصر, شارع عبد المنعم سند, القاهرة, القاهرة, مصر",القاهرة
"قسم مدينة نصر ثان, شارع محمود طه, القاهرة, القاهرة, مصر",القاهرة
"مدينة نصر 2, القاهرة, مصر",القاهرة
"قسم الشرطة ثانى مدينة نصر, شارع علي امين, القاهرة, القاهرة, مصر",القاهرة
"مدينة نصر, طريق النصر, القاهرة, القاهرة, مصر",القاهرة
"مدينة نصر 1, القاهرة, مصر",القاهرة
"مدينة نصر, شارع عبد المنعم سند, القاهرة, القاهرة, مصر",القاهرة
"قسم مدينة نصر ثان, شارع محمود طه, القاهرة, القاهرة, مصر",القاهرة
"مدينة نصر 2, القاهرة, مصر",القاهرة
"قسم الشرطة ثانى مدينة نصر, شارع علي امين, القاهرة, القاهرة, مصر",القاهرة
"مدينة نصر, طريق النصر, القاهرة, القاهرة, مصر",القاهرة
"مدينة نصر 1, القاهرة, مصر",القاهرة
"مدينة نصر, شارع عبد المنعم سند, القاهرة, القاهرة, مصر",القاهرة
"قسم مدينة نصر ثان, شارع محمود طه, القاهرة, القاهرة, مصر",القاهرة
"مدينة نصر 2, القاهرة, مصر",القاهرة
"قسم الشرطة ثانى مدينة نصر, شارع علي امين, القاهرة, القاهرة, مصر",القاهرة
"مدينة نصر, طريق النصر, القاهرة, القاهرة, مصر",القاهرة
"مدينة نصر 1, القاهرة, مصر",القاهرة
"مدينة نصر, شارع عبد المنعم سند, القاهرة, القاهرة, مصر",القاهرة
"قسم مدينة نصر ثان, شارع محمود طه, القاهرة, القاهرة, مصر",القاهرة
"مدينة نصر 2, القاهرة, مصر",القاهرة
"قسم الشرطة ثانى مدينة نصر, شارع علي امين, القاهرة, القاهرة, مصر",القاهرة
"مدينة نصر, طريق النصر, القاهرة, القاهرة, مصر",القاهرة
"مدينة نصر 1, القاهرة, مصر",القاهرة
"مدينة نصر, شارع عبد المنعم سند, القاهرة, القاهرة, مصر",القاهرة
"قسم مدينة نصر ثان, شارع محمود طه, القاهرة, القاهرة, مصر",القاهرة
"مدينة نصر 2, القاهرة, مصر",القاهرة
"قسم الشرطة ثانى مدينة نصر, شارع علي امين, القاهرة, القاهرة, مصر",القاهرة
"مدينة نصر, طريق النصر, القاهرة, القاهرة, مصر",القاهرة
"مدينة نصر 1, القاهرة, مصر",القاهرة
"مدينة نصر, شارع عبد المنعم سند, القاهرة, القاهرة, مصر",القاهرة
"قسم مدينة نصر ثان, شارع محمود طه, القاهرة, القاهرة, مصر",القاهرة
"مدينة نصر 2, القاهرة, مصر",القاهرة
"قسم الشرطة ثانى مدينة نصر, شارع علي امين, القاهرة, القاهرة, مصر",القاهرة
"مدينة نصر, طريق النصر, القاهرة, القاهرة, مصر",القاهرة
"مدينة نصر 1, القاهرة, مصر",القاهرة
"مدينة نصر, شارع عبد المنعم سند, القاهرة, القاهرة, مصر",القاهرة
"قسم مدينة نصر ثان, شارع محمود طه, القاهرة, القاهرة, مصر",القاهرة
"مدينة نصر 2, القاهرة, مصر",القاهرة
"قسم الشرطة ثانى مدينة نصر, شارع علي امين, القاهرة, القاهرة, مصر",القاهرة
"مدينة نصر, طريق النصر, القاهرة, القاهرة, مصر",القاهرة
"مدينة نصر 1, القاهرة, مصر",القاهرة
"مدينة نصر, شارع عبد المنعم سند, القاهرة, القاهرة, مصر",القاهرة
"قسم مدينة نصر ثان, شارع محمود طه, القاهرة, القاهرة, مصر",القاهرة
"مدينة نصر 2, القاهرة, مصر",القاهرة
"قسم الشرطة ثانى مدينة نصر, شارع علي امين, القاهرة, القاهرة, مصر",القاهرة
"مدينة نصر, طريق النصر, القاهرة, القاهرة, مصر",القاهرة
"مدينة نصر 1, القاهرة, مصر",القاهرة
"مدينة نصر, شارع عبد المنعم سند, القاهرة, القاهرة, مصر",القاهرة
"قسم مدينة نصر ثان, شارع محمود طه, القاهرة, القاهرة, مصر",القاهرة
"مدينة نصر 2, القاهرة, مصر",القاهرة
"قسم الشرطة ثانى مدينة نصر, شارع علي امين, القاهرة, القاهرة, مصر",القاهرة
"مدينة نصر, طريق النصر, القاهرة, القاهرة, مصر",القاهرة
"مدينة نصر 1, القاهرة, مصر",القاهرة
"مدينة نصر, شارع عبد المنعم سند, القاهرة, القاهرة, مصر",القاهرة
"قسم مدينة نصر ثان, شارع محمود طه, القاهرة, القاهرة, مصر",القاهرة
"مدينة نصر 2, القاهرة, مصر",القاهرة
"قسم الشرطة ثانى مدينة نصر, شارع علي امين, القاهرة, القاهرة, مصر",القاهرة
"مدينة نصر, طريق النصر, القاهرة, القاهرة, مصر",القاهرة
"مدينة نصر 1, القاهرة, مصر",القاهرة
"مدينة نصر, شارع عبد المنعم سند, القاهرة, القاهرة, مصر",القاهرة
"قسم مدينة نصر ثان, شارع محمود طه, القاهرة, القاهرة, مصر",القاهرة
"مدينة نصر 2, القاهرة, مصر",القاهرة
"قسم الشرطة ثانى مدينة نصر, شارع علي امين, القاهرة, القاهرة, مصر",القاهرة
"مدينة نصر, طريق النصر, القاهرة, القاهرة, مصر",القاهرة
"مدينة نصر 1, القاهرة, مصر",القاهرة
"مدينة نصر, شارع عبد المنعم سند, القاهرة, القاهرة, مصر",القاهرة
